customer_id,name,age,gender,region,segment,registration_date
CUST_000001,이민준,47,F,인천,Premium,2023-09-01
CUST_000002,이지민,37,M,경기,VIP,2024-09-27
CUST_000003,최도윤,49,M,인천,Regular,2022-07-26
CUST_000004,임시우,62,M,대구,Regular,2022-07-20
CUST_000005,박도윤,36,F,부산,Regular,2024-05-26
CUST_000006,강서연,36,F,서울,Regular,2022-05-06
CUST_000007,조서준,63,F,대전,Budget,2023-11-04
CUST_000008,김도윤,51,F,부산,Budget,2023-08-13
CUST_000009,조시우,32,F,대전,Regular,2024-01-03
CUST_000010,최시우,48,M,대구,Premium,2023-07-19
CUST_000011,조시우,33,M,대전,Regular,2024-08-09
CUST_000012,김서연,33,F,광주,Regular,2024-07-19
CUST_000013,임서연,43,M,강원,Budget,2022-09-13
CUST_000014,윤예준,18,F,대구,Budget,2023-07-15
CUST_000015,장시우,18,F,경기,Regular,2022-11-21
CUST_000016,박지민,31,F,부산,Budget,2024-08-27
CUST_000017,박예준,24,F,부산,Regular,2022-10-05
CUST_000018,윤지민,44,F,서울,Budget,2024-04-11
CUST_000019,장시우,26,F,부산,Regular,2023-04-10
CUST_000020,윤민준,18,F,대구,Budget,2022-01-27
CUST_000021,정지민,61,M,대구,Budget,2022-10-28
CUST_000022,장지민,36,M,대전,VIP,2022-03-07
CUST_000023,강시우,41,M,서울,Budget,2023-07-27
CUST_000024,이서준,18,F,부산,Premium,2024-03-19
CUST_000025,윤지민,31,M,광주,Budget,2022-07-19
CUST_000026,장도윤,41,F,경기,Regular,2022-10-29
CUST_000027,장하윤,22,M,인천,Premium,2023-08-29
CUST_000028,김채원,45,M,인천,Premium,2024-11-17
CUST_000029,김도윤,30,M,서울,Premium,2023-01-25
CUST_000030,최시우,35,F,인천,Budget,2024-03-06
CUST_000031,임채원,30,F,인천,Budget,2022-04-08
CUST_000032,최서준,67,M,경기,Regular,2022-12-07
CUST_000033,윤민준,39,M,서울,Budget,2022-08-30
CUST_000034,이도윤,24,M,인천,Premium,2022-05-28
CUST_000035,박시우,52,F,인천,Regular,2024-06-30
CUST_000036,장서준,21,M,서울,Budget,2024-05-24
CUST_000037,최예준,43,F,강원,Regular,2022-03-22
CUST_000038,조민준,18,M,경기,Budget,2024-11-27
CUST_000039,정하윤,20,F,경기,Premium,2022-03-11
CUST_000040,정도윤,42,M,서울,Premium,2023-02-28
CUST_000041,임하윤,51,M,서울,Premium,2022-01-26
CUST_000042,박서준,42,M,인천,Premium,2022-08-28
CUST_000043,임도윤,38,M,부산,Budget,2022-07-27
CUST_000044,임지민,35,F,광주,Budget,2023-10-10
CUST_000045,강도윤,18,F,경기,Budget,2024-03-08
CUST_000046,정하윤,29,F,부산,Regular,2024-11-12
CUST_000047,임서준,33,M,인천,Regular,2022-01-30
CUST_000048,강서준,55,M,대전,Premium,2023-04-28
CUST_000049,장시우,45,M,광주,Budget,2024-05-03
CUST_000050,박시우,18,M,부산,Regular,2024-01-18
CUST_000051,임도윤,44,F,인천,Regular,2023-06-10
CUST_000052,정민준,34,M,경기,VIP,2023-05-15
CUST_000053,강예준,29,F,대구,Regular,2022-06-11
CUST_000054,조지민,49,M,부산,Budget,2024-06-30
CUST_000055,박지민,55,M,대전,Regular,2024-02-02
CUST_000056,김시우,53,F,서울,Regular,2022-11-30
CUST_000057,최서준,27,F,경기,Budget,2024-01-20
CUST_000058,최예준,35,M,경기,Premium,2024-10-12
CUST_000059,강하은,44,M,광주,Budget,2024-01-10
CUST_000060,이하은,54,M,강원,Premium,2023-09-03
CUST_000061,윤서연,32,F,인천,VIP,2023-09-02
CUST_000062,최하은,37,F,광주,Budget,2024-07-12
CUST_000063,정서연,23,F,대전,Premium,2024-10-06
CUST_000064,정예준,22,F,서울,Regular,2024-04-23
CUST_000065,강서연,52,F,부산,Budget,2022-10-05
CUST_000066,최시우,60,M,경기,Regular,2024-11-28
CUST_000067,장도윤,38,F,경기,Budget,2024-07-11
CUST_000068,강채원,55,F,부산,Regular,2023-03-27
CUST_000069,조서연,45,F,광주,Premium,2024-03-16
CUST_000070,조예준,30,F,경기,Regular,2024-12-01
CUST_000071,최하은,45,F,강원,Regular,2022-06-11
CUST_000072,최지민,63,F,대구,Regular,2024-06-11
CUST_000073,임서연,39,M,인천,Regular,2023-03-07
CUST_000074,최예준,63,M,서울,Budget,2023-07-19
CUST_000075,임서준,18,F,경기,Budget,2023-10-30
CUST_000076,조하윤,52,F,인천,Budget,2024-02-03
CUST_000077,김서준,41,F,인천,Budget,2023-12-07
CUST_000078,장하윤,35,M,인천,Regular,2024-03-28
CUST_000079,윤지민,41,F,강원,Regular,2022-02-02
CUST_000080,장하윤,18,M,강원,Regular,2022-05-25
CUST_000081,최시우,36,F,인천,Regular,2023-05-19
CUST_000082,정도윤,45,F,대전,Budget,2023-02-16
CUST_000083,이예준,62,M,인천,Budget,2022-10-09
CUST_000084,최서준,32,F,경기,Regular,2023-01-24
CUST_000085,조민준,27,M,경기,Budget,2022-09-26
CUST_000086,임민준,32,F,강원,Budget,2024-11-19
CUST_000087,정하은,53,F,인천,Regular,2022-03-08
CUST_000088,조하윤,44,M,경기,Budget,2023-01-13
CUST_000089,조예준,32,F,대구,Budget,2024-10-07
CUST_000090,임채원,47,M,부산,Premium,2022-07-08
CUST_000091,윤예준,41,M,광주,Regular,2022-10-17
CUST_000092,윤서연,54,F,경기,Budget,2023-05-12
CUST_000093,조시우,29,M,강원,Budget,2024-10-23
CUST_000094,김서연,35,M,부산,Budget,2024-09-10
CUST_000095,최도윤,34,M,대구,Premium,2023-08-01
CUST_000096,이채원,18,M,강원,Budget,2023-06-26
CUST_000097,박채원,44,M,대구,Premium,2023-03-05
CUST_000098,김시우,43,F,경기,Premium,2023-10-22
CUST_000099,최서준,40,F,부산,Regular,2024-09-08
CUST_000100,조서연,36,M,대전,Budget,2024-11-06
CUST_000101,윤서준,18,F,대전,Budget,2022-05-05
CUST_000102,조예준,33,F,강원,Regular,2022-04-24
CUST_000103,임시우,34,F,인천,Regular,2024-06-07
CUST_000104,윤도윤,27,F,경기,VIP,2023-01-13
CUST_000105,강예준,37,F,인천,Budget,2022-12-06
CUST_000106,강시우,46,F,서울,Budget,2022-01-08
CUST_000107,이도윤,68,F,강원,Budget,2023-07-28
CUST_000108,윤하윤,42,M,부산,Regular,2023-04-09
CUST_000109,최시우,43,F,강원,Regular,2022-12-28
CUST_000110,장서연,38,F,강원,Regular,2023-05-27
CUST_000111,최서준,18,M,대전,Budget,2024-04-01
CUST_000112,박도윤,39,M,강원,Budget,2023-05-15
CUST_000113,장채원,40,F,부산,Regular,2023-10-31
CUST_000114,강예준,76,F,서울,Regular,2024-03-17
CUST_000115,김지민,37,F,대구,Premium,2022-03-02
CUST_000116,김채원,44,F,강원,Regular,2022-03-27
CUST_000117,박민준,39,F,강원,Budget,2024-04-12
CUST_000118,조하윤,22,M,서울,Premium,2024-01-26
CUST_000119,임시우,57,M,인천,Regular,2024-04-03
CUST_000120,조채원,51,M,경기,Budget,2022-05-24
CUST_000121,정채원,51,F,광주,Budget,2024-07-31
CUST_000122,이도윤,26,M,광주,Premium,2024-06-18
CUST_000123,박지민,61,M,대구,Regular,2024-11-26
CUST_000124,임하윤,18,F,서울,Regular,2023-08-15
CUST_000125,정하윤,48,M,인천,Budget,2023-06-09
CUST_000126,임도윤,72,F,부산,Budget,2023-08-29
CUST_000127,정예준,25,M,서울,Budget,2023-12-28
CUST_000128,임채원,31,F,강원,Regular,2024-03-22
CUST_000129,정하은,41,F,강원,Premium,2022-06-19
CUST_000130,김하은,32,F,광주,Premium,2024-10-10
CUST_000131,임채원,18,M,광주,Budget,2024-09-10
CUST_000132,박하윤,41,F,광주,Budget,2023-11-26
CUST_000133,조하윤,24,M,강원,Regular,2022-12-20
CUST_000134,강서준,47,M,대전,Budget,2022-08-11
CUST_000135,정하은,26,M,강원,Regular,2024-06-04
CUST_000136,강서준,63,F,서울,Regular,2022-04-30
CUST_000137,최지민,28,F,강원,Budget,2022-06-10
CUST_000138,최시우,35,M,광주,Budget,2022-06-18
CUST_000139,윤서준,52,M,인천,Regular,2024-01-12
CUST_000140,김지민,21,F,부산,Budget,2023-08-29
CUST_000141,이하윤,43,M,대구,Budget,2022-02-15
CUST_000142,정지민,59,F,경기,Budget,2022-03-19
CUST_000143,최하윤,18,M,경기,Budget,2023-11-07
CUST_000144,장예준,42,M,광주,Regular,2022-08-05
CUST_000145,장시우,43,M,광주,Budget,2023-03-31
CUST_000146,임하윤,51,M,강원,Regular,2022-03-16
CUST_000147,장지민,21,F,강원,Budget,2023-02-11
CUST_000148,최채원,20,F,인천,VIP,2022-08-13
CUST_000149,윤하은,47,F,대구,Budget,2022-02-21
CUST_000150,박지민,44,F,부산,Premium,2022-06-14
CUST_000151,윤민준,43,M,경기,Premium,2024-01-20
CUST_000152,정서연,45,F,부산,Budget,2023-01-29
CUST_000153,장하은,29,F,강원,Budget,2024-09-19
CUST_000154,최시우,43,M,부산,Budget,2022-06-27
CUST_000155,이하윤,44,M,광주,VIP,2024-10-03
CUST_000156,김시우,29,F,대전,Premium,2022-07-03
CUST_000157,장하은,67,M,대구,Premium,2023-12-09
CUST_000158,조채원,47,M,강원,Regular,2024-02-12
CUST_000159,정하윤,22,F,서울,Budget,2022-04-24
CUST_000160,장예준,49,M,강원,Budget,2022-12-25
CUST_000161,정하은,25,F,강원,Premium,2023-03-24
CUST_000162,조하윤,51,M,인천,Regular,2022-10-12
CUST_000163,임시우,57,F,서울,Regular,2022-09-13
CUST_000164,임민준,27,F,광주,Budget,2023-08-18
CUST_000165,강도윤,54,M,광주,Budget,2024-02-25
CUST_000166,김시우,46,F,서울,Budget,2022-11-15
CUST_000167,이시우,52,F,경기,Regular,2023-12-08
CUST_000168,장서연,68,F,대구,Budget,2023-06-24
CUST_000169,윤시우,36,F,부산,Budget,2022-04-17
CUST_000170,박도윤,28,F,대전,Budget,2024-05-31
CUST_000171,김시우,26,M,강원,Budget,2022-11-08
CUST_000172,정채원,27,F,대전,Budget,2024-04-24
CUST_000173,윤민준,38,F,인천,Budget,2024-07-25
CUST_000174,윤시우,45,F,부산,VIP,2024-02-19
CUST_000175,김시우,44,F,부산,Regular,2024-05-16
CUST_000176,장예준,52,F,강원,Budget,2022-11-03
CUST_000177,장하은,40,M,경기,Budget,2024-05-13
CUST_000178,임하은,61,F,서울,Regular,2022-11-04
CUST_000179,윤도윤,36,F,부산,Regular,2022-11-10
CUST_000180,강민준,80,F,광주,Budget,2023-11-09
CUST_000181,윤서준,49,M,서울,Budget,2024-08-20
CUST_000182,최예준,27,M,부산,Regular,2023-10-04
CUST_000183,최서연,23,M,서울,Budget,2023-05-14
CUST_000184,박예준,47,F,대구,Budget,2024-04-20
CUST_000185,김예준,36,M,대전,Regular,2023-08-02
CUST_000186,김예준,50,F,서울,Budget,2024-03-17
CUST_000187,장서준,47,M,강원,Budget,2022-05-28
CUST_000188,장채원,38,M,강원,Regular,2022-02-04
CUST_000189,임민준,27,F,강원,Premium,2024-09-29
CUST_000190,윤하은,18,F,부산,Budget,2022-03-03
CUST_000191,윤서준,33,M,대전,Premium,2024-02-02
CUST_000192,정채원,52,F,경기,Regular,2023-04-08
CUST_000193,임하은,43,M,부산,Regular,2023-09-18
CUST_000194,최하은,21,F,강원,Regular,2022-09-07
CUST_000195,이서연,42,F,대전,Regular,2023-06-28
CUST_000196,박하윤,45,M,부산,Premium,2024-06-10
CUST_000197,이서연,26,M,서울,Budget,2023-01-26
CUST_000198,조서연,42,F,서울,Budget,2023-04-22
CUST_000199,강서준,40,M,대구,Regular,2022-03-20
CUST_000200,이서연,22,F,부산,Regular,2023-05-11
CUST_000201,조지민,45,M,광주,Premium,2024-10-03
CUST_000202,정서연,48,F,서울,Budget,2023-11-26
CUST_000203,임하은,56,M,대구,Premium,2024-09-30
CUST_000204,장도윤,55,F,경기,Regular,2022-05-17
CUST_000205,강시우,19,F,부산,Premium,2024-08-16
CUST_000206,임민준,25,M,광주,Budget,2022-06-08
CUST_000207,윤채원,47,F,경기,Regular,2023-05-22
CUST_000208,장서준,47,F,경기,Regular,2024-04-18
CUST_000209,임하윤,47,F,서울,Regular,2023-09-07
CUST_000210,임민준,80,M,인천,Budget,2023-03-25
CUST_000211,박시우,48,F,대전,VIP,2024-03-31
CUST_000212,조예준,57,M,경기,Regular,2023-08-18
CUST_000213,강서준,54,F,서울,VIP,2022-06-22
CUST_000214,이서연,49,F,경기,Regular,2022-07-30
CUST_000215,조민준,35,F,대구,Budget,2022-05-04
CUST_000216,강서준,51,F,부산,Regular,2023-07-22
CUST_000217,조지민,28,M,경기,Budget,2023-03-07
CUST_000218,최서연,36,M,부산,Budget,2022-01-21
CUST_000219,장지민,32,M,대전,Budget,2022-12-13
CUST_000220,박도윤,41,M,대구,Premium,2023-06-26
CUST_000221,임예준,74,M,대구,Regular,2022-02-24
CUST_000222,임채원,18,F,대전,Premium,2023-02-23
CUST_000223,이하윤,50,F,광주,Regular,2023-05-19
CUST_000224,강지민,18,M,광주,Regular,2022-05-01
CUST_000225,김서연,32,F,부산,Budget,2024-05-31
CUST_000226,장하은,56,F,서울,Budget,2022-05-25
CUST_000227,임도윤,40,F,강원,Premium,2022-02-09
CUST_000228,김하윤,23,M,대전,Regular,2024-06-12
CUST_000229,박민준,29,M,강원,Regular,2022-06-16
CUST_000230,임예준,50,F,대전,Regular,2023-05-02
CUST_000231,강채원,29,M,대전,Regular,2024-07-20
CUST_000232,장하은,43,F,광주,Regular,2024-01-29
CUST_000233,임예준,40,F,광주,Premium,2022-09-21
CUST_000234,이시우,30,F,대전,Budget,2024-03-15
CUST_000235,장서준,72,F,대전,Regular,2024-10-25
CUST_000236,박도윤,49,F,강원,Regular,2023-11-04
CUST_000237,박예준,18,M,광주,Regular,2024-05-08
CUST_000238,장지민,42,M,대전,Regular,2024-03-08
CUST_000239,박예준,30,M,대구,VIP,2022-06-19
CUST_000240,강도윤,52,F,광주,Regular,2022-05-27
CUST_000241,최시우,28,F,인천,Budget,2022-11-09
CUST_000242,임하윤,38,F,광주,Regular,2022-10-11
CUST_000243,조예준,47,M,대구,Premium,2023-07-08
CUST_000244,윤서연,52,M,부산,Premium,2023-04-28
CUST_000245,박시우,21,F,대구,Premium,2022-06-20
CUST_000246,최하윤,34,F,서울,Premium,2022-08-05
CUST_000247,장서연,32,M,경기,Regular,2024-06-17
CUST_000248,김서연,30,M,대전,Premium,2024-02-06
CUST_000249,정하윤,66,M,강원,Budget,2022-05-28
CUST_000250,이민준,46,F,인천,Regular,2024-01-30
CUST_000251,임지민,21,F,부산,Regular,2023-04-21
CUST_000252,이민준,53,M,경기,Premium,2022-05-10
CUST_000253,윤채원,71,M,인천,Regular,2024-02-11
CUST_000254,김채원,55,F,인천,Premium,2022-08-01
CUST_000255,이지민,18,F,부산,Budget,2022-01-27
CUST_000256,장지민,32,M,경기,VIP,2022-04-14
CUST_000257,조서연,59,F,서울,Budget,2022-12-01
CUST_000258,강도윤,29,M,대전,VIP,2024-03-03
CUST_000259,장서연,46,M,강원,Budget,2022-03-27
CUST_000260,박서준,51,F,서울,Regular,2023-04-11
CUST_000261,최민준,26,F,광주,Regular,2022-01-11
CUST_000262,장하윤,39,F,서울,Regular,2023-11-06
CUST_000263,김서연,18,F,부산,Regular,2022-11-09
CUST_000264,조하윤,24,F,대전,Regular,2023-11-15
CUST_000265,윤서연,36,F,부산,Premium,2022-07-16
CUST_000266,임예준,21,F,대전,Premium,2024-05-05
CUST_000267,정시우,64,F,경기,Budget,2023-12-26
CUST_000268,강하윤,18,M,대전,Regular,2022-06-25
CUST_000269,김서준,33,F,대전,Budget,2022-01-16
CUST_000270,박민준,41,M,강원,Premium,2024-09-21
CUST_000271,최서연,61,F,경기,Budget,2024-09-26
CUST_000272,윤서연,18,F,강원,Regular,2024-06-27
CUST_000273,장서연,57,F,대전,Regular,2023-05-11
CUST_000274,이민준,40,M,강원,Regular,2022-01-06
CUST_000275,장서준,25,F,광주,Regular,2022-06-02
CUST_000276,임시우,46,F,인천,Premium,2024-03-25
CUST_000277,이하윤,42,M,강원,Budget,2024-06-05
CUST_000278,강서연,30,M,광주,Budget,2023-03-28
CUST_000279,박서연,41,M,부산,Budget,2023-10-17
CUST_000280,최하윤,34,M,대전,Regular,2022-11-07
CUST_000281,장예준,41,M,부산,Regular,2023-03-09
CUST_000282,윤지민,49,F,경기,Premium,2024-07-03
CUST_000283,강서준,63,F,강원,Regular,2022-01-07
CUST_000284,장채원,21,M,대구,Regular,2022-06-29
CUST_000285,김서준,71,M,광주,Premium,2023-12-30
CUST_000286,최서연,18,F,부산,Premium,2023-07-07
CUST_000287,장시우,37,M,광주,Regular,2024-05-24
CUST_000288,박채원,48,M,대구,Budget,2023-01-10
CUST_000289,임민준,44,M,부산,Budget,2024-08-30
CUST_000290,임시우,30,M,경기,Regular,2024-09-30
CUST_000291,장시우,36,F,강원,Budget,2023-07-19
CUST_000292,조시우,32,F,부산,Premium,2024-08-01
CUST_000293,조하윤,31,F,인천,Budget,2023-01-05
CUST_000294,강서연,52,F,경기,Budget,2024-03-09
CUST_000295,장지민,45,M,대전,Regular,2023-07-25
CUST_000296,정하윤,29,M,대구,Premium,2024-05-17
CUST_000297,조채원,53,F,인천,Budget,2024-01-09
CUST_000298,임서연,44,M,대구,Budget,2022-02-15
CUST_000299,윤하윤,52,F,강원,Premium,2024-10-15
CUST_000300,조지민,49,F,인천,Regular,2023-09-18
CUST_000301,김민준,27,F,강원,Regular,2022-04-13
CUST_000302,김서준,31,F,대구,Budget,2023-06-09
CUST_000303,조서연,51,M,경기,Regular,2024-08-19
CUST_000304,최서연,49,F,부산,Regular,2022-10-02
CUST_000305,장시우,39,M,대구,Regular,2024-05-17
CUST_000306,강지민,41,F,대구,Budget,2023-10-21
CUST_000307,조지민,59,M,서울,Premium,2024-09-13
CUST_000308,강하윤,31,F,대구,Premium,2022-01-11
CUST_000309,임서연,48,M,경기,Regular,2023-03-30
CUST_000310,장지민,36,F,광주,Budget,2022-04-04
CUST_000311,강서연,36,M,경기,Budget,2023-03-12
CUST_000312,김채원,56,F,광주,Budget,2023-08-23
CUST_000313,임하윤,52,M,경기,Budget,2024-02-03
CUST_000314,최민준,52,M,인천,Regular,2024-10-24
CUST_000315,조예준,59,F,인천,Regular,2022-08-14
CUST_000316,임하윤,40,M,대구,Regular,2022-01-04
CUST_000317,강하윤,50,F,대전,Regular,2023-12-13
CUST_000318,장서연,35,F,광주,Premium,2022-03-16
CUST_000319,최시우,44,F,인천,Budget,2023-04-02
CUST_000320,최하윤,38,F,강원,Regular,2022-12-18
CUST_000321,정시우,41,M,경기,Budget,2022-09-15
CUST_000322,박시우,48,M,광주,Regular,2024-06-23
CUST_000323,윤시우,27,F,인천,Budget,2023-10-15
CUST_000324,정지민,71,F,대구,Budget,2024-04-22
CUST_000325,임도윤,24,M,서울,Budget,2023-08-27
CUST_000326,김서준,21,F,대전,Premium,2022-04-09
CUST_000327,박민준,57,M,경기,Regular,2022-04-02
CUST_000328,최시우,51,F,광주,Budget,2024-08-02
CUST_000329,이채원,49,M,서울,Regular,2023-12-09
CUST_000330,박민준,49,F,강원,Budget,2023-11-16
CUST_000331,정민준,39,M,광주,Budget,2024-04-26
CUST_000332,강시우,26,F,강원,Budget,2024-03-02
CUST_000333,윤시우,41,M,부산,Premium,2023-01-24
CUST_000334,윤시우,29,M,서울,Budget,2023-01-11
CUST_000335,임도윤,54,M,경기,Regular,2022-07-10
CUST_000336,이하은,37,M,대구,Regular,2024-02-18
CUST_000337,최민준,27,F,경기,Regular,2023-08-07
CUST_000338,정서연,35,F,서울,Budget,2023-06-15
CUST_000339,최민준,46,M,강원,Premium,2023-03-14
CUST_000340,장시우,31,M,광주,Budget,2022-11-10
CUST_000341,최예준,27,F,대구,Budget,2022-05-15
CUST_000342,임서연,43,F,강원,Budget,2023-09-11
CUST_000343,임서준,43,F,대전,Budget,2024-06-25
CUST_000344,이민준,32,M,대구,Regular,2023-12-31
CUST_000345,장하윤,32,M,인천,Premium,2022-03-06
CUST_000346,장하윤,43,M,강원,Regular,2024-03-06
CUST_000347,윤채원,18,M,강원,Budget,2023-03-11
CUST_000348,조시우,18,M,인천,VIP,2024-07-05
CUST_000349,강서준,29,M,부산,VIP,2022-04-10
CUST_000350,조예준,36,M,경기,Budget,2022-10-27
CUST_000351,조하윤,44,F,경기,Budget,2024-06-20
CUST_000352,장예준,62,F,부산,Budget,2023-12-02
CUST_000353,조지민,52,M,인천,Budget,2024-11-24
CUST_000354,정하윤,37,F,경기,Regular,2023-08-19
CUST_000355,강예준,39,F,인천,VIP,2024-04-14
CUST_000356,조채원,24,M,인천,Premium,2023-10-06
CUST_000357,임민준,39,F,서울,Budget,2023-07-19
CUST_000358,조하윤,35,M,인천,Premium,2024-08-08
CUST_000359,정도윤,44,F,대전,Regular,2023-08-04
CUST_000360,박지민,27,M,경기,Regular,2023-03-27
CUST_000361,장채원,47,M,경기,VIP,2022-02-20
CUST_000362,강하은,62,F,경기,Premium,2022-08-18
CUST_000363,조예준,38,F,인천,Regular,2023-08-28
CUST_000364,박하윤,46,M,경기,Regular,2022-08-01
CUST_000365,박하은,50,M,광주,Regular,2023-10-12
CUST_000366,이하윤,33,F,부산,Premium,2023-11-07
CUST_000367,조채원,43,M,부산,Budget,2023-11-12
CUST_000368,임지민,40,M,강원,Budget,2023-10-01
CUST_000369,강시우,41,M,인천,Budget,2023-11-08
CUST_000370,이하윤,28,M,인천,Budget,2022-09-11
CUST_000371,장서연,40,F,경기,Regular,2022-04-22
CUST_000372,강시우,47,F,대전,Budget,2022-01-16
CUST_000373,윤서준,61,F,대전,Regular,2023-10-12
CUST_000374,조민준,54,M,대구,Regular,2024-10-29
CUST_000375,임채원,72,F,광주,Premium,2024-01-24
CUST_000376,최하은,28,M,강원,Regular,2023-01-10
CUST_000377,윤하윤,53,F,대구,Premium,2022-12-11
CUST_000378,장하윤,42,M,서울,Budget,2024-09-23
CUST_000379,이민준,72,M,경기,Budget,2024-02-24
CUST_000380,최서준,27,M,서울,Regular,2023-09-11
CUST_000381,강민준,27,F,강원,VIP,2024-10-30
CUST_000382,장하은,31,M,서울,Regular,2023-05-19
CUST_000383,정민준,18,F,대구,Budget,2024-04-26
CUST_000384,장예준,32,M,인천,Budget,2023-07-04
CUST_000385,정하은,28,M,대전,Regular,2022-08-23
CUST_000386,최도윤,42,F,부산,Premium,2024-09-28
CUST_000387,조하은,45,F,서울,Budget,2024-11-12
CUST_000388,이하윤,68,F,대전,Budget,2024-05-20
CUST_000389,김도윤,54,M,강원,VIP,2023-05-26
CUST_000390,이시우,31,M,대구,VIP,2023-02-26
CUST_000391,최채원,26,M,경기,Regular,2024-06-27
CUST_000392,임도윤,47,F,대전,Budget,2022-10-07
CUST_000393,박서준,20,F,서울,Regular,2024-05-15
CUST_000394,이서연,67,F,대전,Budget,2024-10-02
CUST_000395,윤하윤,57,M,대전,Regular,2022-10-25
CUST_000396,임하은,32,M,광주,Budget,2023-07-16
CUST_000397,이시우,18,M,경기,Budget,2024-01-21
CUST_000398,강서연,60,M,부산,Budget,2024-11-21
CUST_000399,윤서연,38,F,부산,Premium,2024-03-05
CUST_000400,조하윤,58,F,부산,Premium,2024-10-09
CUST_000401,장서준,18,F,경기,Regular,2024-11-06
CUST_000402,조서준,31,M,대구,Premium,2022-10-14
CUST_000403,정시우,40,F,강원,Premium,2024-02-07
CUST_000404,조시우,40,F,광주,Budget,2022-03-16
CUST_000405,강시우,33,M,강원,Regular,2023-10-28
CUST_000406,박시우,49,M,경기,Budget,2023-01-21
CUST_000407,조서연,23,F,대전,Budget,2022-07-04
CUST_000408,임예준,37,F,대전,Regular,2023-10-17
CUST_000409,박하은,41,F,광주,Budget,2022-03-02
CUST_000410,최서연,47,F,광주,Regular,2022-09-19
CUST_000411,임도윤,50,M,서울,Budget,2022-05-01
CUST_000412,최하윤,23,F,부산,Budget,2022-08-17
CUST_000413,박시우,18,M,광주,Budget,2024-01-21
CUST_000414,조서준,59,F,강원,Regular,2022-09-03
CUST_000415,조지민,44,M,대전,Premium,2024-06-10
CUST_000416,최서연,28,M,서울,Budget,2022-09-05
CUST_000417,강하은,63,M,서울,Regular,2024-05-14
CUST_000418,장지민,41,M,강원,Regular,2022-10-27
CUST_000419,임지민,57,M,대전,Regular,2024-10-12
CUST_000420,정하은,41,M,부산,Regular,2024-02-15
CUST_000421,강하윤,70,M,강원,Regular,2022-12-19
CUST_000422,윤하윤,66,F,부산,VIP,2023-03-28
CUST_000423,이민준,36,F,부산,Budget,2023-12-31
CUST_000424,최지민,54,M,대구,Regular,2023-01-24
CUST_000425,윤도윤,49,F,대구,Budget,2023-11-16
CUST_000426,조하은,60,M,인천,Regular,2022-05-26
CUST_000427,조민준,25,M,인천,Budget,2023-05-11
CUST_000428,이채원,50,M,대구,Regular,2022-11-13
CUST_000429,윤서준,55,F,강원,Regular,2023-03-01
CUST_000430,임하은,18,M,대전,Budget,2022-12-12
CUST_000431,임예준,22,F,부산,Regular,2024-03-02
CUST_000432,최시우,18,M,대구,Budget,2022-10-29
CUST_000433,장하은,35,F,대구,Regular,2022-10-08
CUST_000434,윤지민,50,M,대구,Regular,2022-03-05
CUST_000435,박서연,62,F,서울,Budget,2022-11-27
CUST_000436,윤예준,41,M,경기,Budget,2022-01-31
CUST_000437,조하윤,64,F,강원,Premium,2022-03-07
CUST_000438,임민준,19,M,광주,Regular,2024-09-26
CUST_000439,장시우,18,M,강원,Regular,2022-02-21
CUST_000440,이채원,39,M,광주,Regular,2022-11-11
CUST_000441,김하윤,45,M,경기,Budget,2024-05-06
CUST_000442,최시우,39,M,강원,Regular,2023-06-12
CUST_000443,이하윤,18,M,인천,Budget,2023-09-29
CUST_000444,임서연,38,F,대구,Budget,2024-02-20
CUST_000445,최민준,20,F,광주,Regular,2023-12-23
CUST_000446,정시우,50,F,부산,Budget,2024-02-28
CUST_000447,조민준,45,F,대구,Regular,2024-03-05
CUST_000448,강도윤,25,F,강원,Regular,2024-02-14
CUST_000449,정하은,32,F,강원,Budget,2024-06-30
CUST_000450,이하은,24,F,대전,Budget,2022-05-15
CUST_000451,강채원,39,M,부산,Budget,2022-05-08
CUST_000452,강서준,54,F,인천,Budget,2022-07-06
CUST_000453,윤시우,25,F,광주,Regular,2023-01-10
CUST_000454,박채원,47,F,대전,VIP,2024-08-24
CUST_000455,윤민준,32,M,대구,Regular,2022-06-12
CUST_000456,조도윤,28,M,광주,Budget,2024-01-11
CUST_000457,정서준,38,F,광주,Regular,2024-06-16
CUST_000458,박민준,24,F,광주,Regular,2023-08-10
CUST_000459,이서준,31,M,인천,Premium,2022-03-31
CUST_000460,임도윤,22,F,서울,Budget,2024-11-15
CUST_000461,이하은,69,M,강원,Regular,2024-07-09
CUST_000462,이서준,40,M,대전,Budget,2022-11-10
CUST_000463,박하은,29,M,대구,Regular,2024-07-14
CUST_000464,김채원,43,M,강원,Budget,2022-12-13
CUST_000465,박하은,38,F,인천,Budget,2024-06-07
CUST_000466,박서준,36,F,대전,Regular,2022-07-06
CUST_000467,박도윤,49,F,부산,Regular,2023-07-12
CUST_000468,임채원,51,F,서울,Regular,2023-03-25
CUST_000469,임지민,32,M,경기,Budget,2023-04-06
CUST_000470,최하윤,31,F,부산,Regular,2023-07-27
CUST_000471,임서준,35,M,대전,Premium,2023-02-22
CUST_000472,임하은,18,F,대구,Budget,2022-04-12
CUST_000473,이민준,18,M,서울,Regular,2023-06-14
CUST_000474,김하은,60,F,경기,Budget,2022-07-18
CUST_000475,이지민,64,M,광주,Regular,2024-06-13
CUST_000476,장도윤,36,M,대전,Regular,2022-09-23
CUST_000477,이시우,48,F,인천,Regular,2024-08-05
CUST_000478,조서준,44,F,서울,Budget,2023-03-09
CUST_000479,박서준,80,M,대구,Premium,2024-11-08
CUST_000480,강지민,56,F,대구,Premium,2022-11-01
CUST_000481,정서준,38,M,대전,Regular,2022-07-06
CUST_000482,이시우,25,M,강원,Regular,2022-05-14
CUST_000483,김하윤,18,M,대전,Regular,2024-01-14
CUST_000484,이채원,43,M,인천,VIP,2022-01-24
CUST_000485,김도윤,28,M,강원,Regular,2022-11-17
CUST_000486,박예준,18,M,경기,Regular,2023-08-30
CUST_000487,조서연,30,F,부산,Premium,2022-10-30
CUST_000488,김예준,23,M,서울,Premium,2022-09-02
CUST_000489,윤시우,65,F,대전,Regular,2024-06-08
CUST_000490,김서연,53,M,광주,Budget,2023-03-20
CUST_000491,최하윤,39,F,강원,Budget,2023-10-28
CUST_000492,장도윤,62,M,서울,VIP,2022-08-15
CUST_000493,장서연,41,M,대전,Budget,2024-11-29
CUST_000494,조시우,27,M,인천,Regular,2023-08-02
CUST_000495,김예준,62,F,부산,Budget,2024-09-03
CUST_000496,장하은,48,F,강원,Regular,2024-06-11
CUST_000497,장예준,24,F,부산,Regular,2024-07-27
CUST_000498,박도윤,37,F,광주,Budget,2023-02-25
CUST_000499,조서연,26,F,강원,Regular,2023-05-25
CUST_000500,최예준,19,M,대구,Premium,2024-04-29
CUST_000501,윤서연,53,F,부산,Budget,2022-11-29
CUST_000502,최하윤,68,F,강원,Budget,2023-06-08
CUST_000503,이예준,19,F,서울,Budget,2023-09-18
CUST_000504,강예준,48,M,인천,Regular,2022-12-04
CUST_000505,김시우,30,F,대구,Budget,2024-09-29
CUST_000506,윤지민,32,M,부산,Premium,2022-04-30
CUST_000507,박서준,31,M,서울,Premium,2023-09-03
CUST_000508,조서연,27,M,광주,VIP,2024-07-01
CUST_000509,이도윤,40,F,대구,Budget,2024-05-27
CUST_000510,강서준,27,M,강원,Premium,2024-08-20
CUST_000511,임하은,44,F,강원,Regular,2024-10-02
CUST_000512,조예준,39,F,인천,Regular,2023-11-14
CUST_000513,윤예준,36,M,인천,Regular,2023-04-07
CUST_000514,장하윤,26,M,부산,Regular,2023-05-09
CUST_000515,조도윤,31,M,서울,Budget,2022-10-10
CUST_000516,강하윤,51,F,대전,Regular,2022-02-07
CUST_000517,정예준,47,M,대전,VIP,2023-09-10
CUST_000518,정민준,25,F,대전,Budget,2023-08-13
CUST_000519,이도윤,41,M,광주,Budget,2024-08-09
CUST_000520,최채원,51,F,대전,Premium,2023-12-12
CUST_000521,임서연,18,F,서울,Budget,2022-12-12
CUST_000522,임예준,48,M,강원,Premium,2023-03-10
CUST_000523,김서준,30,M,인천,VIP,2023-09-10
CUST_000524,윤민준,48,F,인천,Regular,2024-03-09
CUST_000525,박서연,28,M,서울,Regular,2024-02-03
CUST_000526,박서준,18,F,부산,Budget,2022-10-28
CUST_000527,조채원,18,M,대전,Regular,2023-03-24
CUST_000528,박하은,40,F,대전,Budget,2023-12-11
CUST_000529,장채원,43,F,인천,Regular,2023-12-08
CUST_000530,정예준,26,M,서울,Budget,2022-09-22
CUST_000531,임민준,49,M,대전,Budget,2023-09-06
CUST_000532,이하윤,18,M,대전,Regular,2024-06-25
CUST_000533,강예준,39,M,대전,VIP,2022-06-01
CUST_000534,최도윤,21,M,대전,Budget,2023-06-25
CUST_000535,김민준,30,F,강원,Budget,2022-07-26
CUST_000536,조하윤,40,F,대전,Premium,2022-10-25
CUST_000537,윤채원,27,M,대구,Premium,2022-05-22
CUST_000538,김시우,34,M,대전,Budget,2023-06-16
CUST_000539,이서연,55,M,경기,Budget,2024-01-07
CUST_000540,장서준,31,F,강원,Regular,2024-09-29
CUST_000541,박채원,52,F,대구,Premium,2024-08-14
CUST_000542,최도윤,23,F,광주,Regular,2023-05-05
CUST_000543,이민준,47,F,강원,Premium,2024-01-22
CUST_000544,김하은,61,M,광주,Premium,2022-03-24
CUST_000545,김도윤,18,M,광주,Regular,2024-06-17
CUST_000546,이시우,28,F,강원,Budget,2022-03-06
CUST_000547,정서준,48,F,대구,Budget,2022-11-03
CUST_000548,강예준,36,F,서울,Regular,2023-06-11
CUST_000549,정도윤,45,F,서울,Budget,2024-01-27
CUST_000550,이서준,30,F,경기,Regular,2023-08-24
CUST_000551,조지민,41,F,강원,Regular,2023-08-07
CUST_000552,이하은,37,M,대구,Budget,2024-03-30
CUST_000553,윤예준,57,M,인천,Premium,2023-11-03
CUST_000554,조서준,43,F,인천,Budget,2024-02-03
CUST_000555,정서연,45,M,부산,Regular,2022-09-29
CUST_000556,장서연,33,F,강원,Budget,2024-11-06
CUST_000557,임채원,32,F,부산,Premium,2022-08-06
CUST_000558,임채원,33,M,부산,Budget,2024-05-09
CUST_000559,장서연,45,F,광주,Budget,2022-10-09
CUST_000560,임채원,33,F,서울,Regular,2023-12-15
CUST_000561,박채원,44,F,서울,Budget,2022-09-13
CUST_000562,강도윤,71,M,강원,Budget,2023-05-31
CUST_000563,김서연,53,F,광주,Budget,2023-05-07
CUST_000564,이도윤,35,M,광주,Budget,2022-06-08
CUST_000565,강시우,58,F,부산,Regular,2023-11-13
CUST_000566,조하윤,33,F,서울,Budget,2022-01-11
CUST_000567,이시우,18,F,대구,Premium,2024-10-03
CUST_000568,최민준,24,M,서울,Premium,2022-05-12
CUST_000569,강도윤,18,F,대전,Regular,2022-04-26
CUST_000570,이민준,34,M,대전,Regular,2022-03-06
CUST_000571,박하윤,40,F,대전,Budget,2024-01-02
CUST_000572,정서준,65,F,서울,VIP,2022-10-02
CUST_000573,임도윤,44,M,인천,Regular,2023-10-05
CUST_000574,조지민,36,M,서울,Budget,2022-04-06
CUST_000575,박채원,52,M,인천,Budget,2023-07-04
CUST_000576,정시우,18,F,경기,Regular,2022-12-18
CUST_000577,최하윤,43,F,경기,VIP,2024-05-06
CUST_000578,강지민,51,F,광주,Regular,2024-04-24
CUST_000579,강시우,18,F,광주,Budget,2023-06-16
CUST_000580,정도윤,57,M,인천,Budget,2024-08-07
CUST_000581,임하은,45,F,대구,Budget,2024-10-10
CUST_000582,정시우,33,F,경기,Budget,2022-09-28
CUST_000583,임채원,49,M,대전,Budget,2023-09-03
CUST_000584,윤서연,74,F,대구,Regular,2023-11-27
CUST_000585,윤예준,42,F,대구,Budget,2023-01-14
CUST_000586,최서연,43,M,광주,Budget,2022-07-24
CUST_000587,강서연,33,F,광주,Budget,2022-04-27
CUST_000588,윤민준,27,M,강원,Regular,2023-10-30
CUST_000589,조지민,52,F,경기,Budget,2024-08-13
CUST_000590,박예준,27,M,대전,Budget,2022-08-16
CUST_000591,윤예준,41,F,대구,Regular,2024-06-19
CUST_000592,박서연,32,M,서울,Regular,2022-05-21
CUST_000593,박채원,47,M,강원,Premium,2024-06-04
CUST_000594,조하은,45,F,경기,Regular,2022-03-30
CUST_000595,김지민,55,M,대전,Budget,2024-11-03
CUST_000596,장도윤,32,M,서울,Regular,2023-07-11
CUST_000597,강시우,35,M,부산,Regular,2022-10-08
CUST_000598,정예준,25,M,서울,Budget,2023-04-01
CUST_000599,윤지민,33,F,경기,Regular,2024-03-02
CUST_000600,윤서연,45,M,대구,VIP,2022-08-28
CUST_000601,최예준,51,M,서울,Premium,2022-02-02
CUST_000602,강민준,26,F,광주,Regular,2024-08-24
CUST_000603,김서준,53,M,서울,Regular,2024-04-08
CUST_000604,조서준,60,F,강원,Regular,2024-01-23
CUST_000605,김시우,46,F,부산,Regular,2022-01-01
CUST_000606,임예준,68,F,부산,Budget,2022-01-19
CUST_000607,이시우,28,M,부산,Premium,2022-02-16
CUST_000608,최시우,21,M,대전,Regular,2022-08-15
CUST_000609,김지민,18,F,인천,Regular,2022-03-23
CUST_000610,김민준,62,M,부산,Premium,2022-02-24
CUST_000611,이지민,49,M,부산,Budget,2023-06-26
CUST_000612,윤시우,39,F,강원,Premium,2024-08-21
CUST_000613,박민준,44,F,대전,Regular,2023-03-02
CUST_000614,이서준,23,M,서울,Budget,2024-02-22
CUST_000615,박서연,76,F,강원,Budget,2023-06-01
CUST_000616,이서연,41,F,대구,Regular,2024-04-12
CUST_000617,윤시우,41,F,강원,Budget,2022-07-22
CUST_000618,박서준,50,M,서울,Premium,2024-01-10
CUST_000619,임하윤,47,F,대구,Budget,2022-10-16
CUST_000620,임민준,43,M,강원,Premium,2022-03-08
CUST_000621,조하윤,28,M,부산,Budget,2023-06-15
CUST_000622,김지민,47,M,대전,Regular,2022-01-03
CUST_000623,임서준,68,F,인천,Regular,2022-03-21
CUST_000624,조예준,60,M,서울,Regular,2024-01-15
CUST_000625,윤하윤,63,M,부산,Regular,2022-03-01
CUST_000626,강시우,32,M,인천,Regular,2022-10-18
CUST_000627,최서준,25,F,강원,Premium,2022-05-29
CUST_000628,윤하윤,38,F,부산,Budget,2022-02-17
CUST_000629,김서준,40,F,경기,Regular,2024-09-19
CUST_000630,김서준,56,F,인천,Budget,2022-05-12
CUST_000631,강민준,18,M,강원,Regular,2023-01-22
CUST_000632,임채원,62,F,대전,Premium,2022-05-20
CUST_000633,최민준,37,F,대전,Regular,2023-04-14
CUST_000634,강서준,33,M,대구,Premium,2022-02-27
CUST_000635,조서준,24,F,인천,Premium,2023-11-13
CUST_000636,조도윤,18,F,인천,Premium,2023-01-09
CUST_000637,조민준,52,M,강원,Budget,2022-05-10
CUST_000638,장예준,41,F,서울,Regular,2024-08-24
CUST_000639,조채원,20,F,대구,Budget,2023-12-12
CUST_000640,박서준,20,F,대전,Budget,2022-02-03
CUST_000641,조채원,34,M,광주,Budget,2022-09-09
CUST_000642,정하윤,65,M,대구,Budget,2022-08-09
CUST_000643,장시우,36,F,인천,Regular,2023-10-17
CUST_000644,정서연,18,M,대구,Regular,2022-02-04
CUST_000645,강서준,36,F,강원,Budget,2022-07-31
CUST_000646,장시우,35,F,서울,VIP,2024-04-27
CUST_000647,박민준,18,M,인천,Budget,2023-06-04
CUST_000648,박시우,39,F,대구,Budget,2024-07-27
CUST_000649,정도윤,36,M,대전,Premium,2022-05-20
CUST_000650,장도윤,50,F,인천,Budget,2022-01-20
CUST_000651,정민준,67,F,경기,Budget,2022-08-01
CUST_000652,강지민,56,M,서울,Regular,2023-07-06
CUST_000653,윤도윤,35,F,인천,Regular,2023-11-01
CUST_000654,박서준,23,M,대구,Premium,2022-01-14
CUST_000655,김하은,78,F,광주,Premium,2024-03-10
CUST_000656,정민준,40,F,강원,VIP,2024-01-19
CUST_000657,강채원,40,M,광주,Budget,2022-03-03
CUST_000658,장서연,39,M,대전,Budget,2023-09-08
CUST_000659,장서준,42,M,경기,Premium,2022-08-28
CUST_000660,최도윤,37,F,대전,Regular,2022-11-24
CUST_000661,임지민,31,F,서울,Budget,2024-04-11
CUST_000662,윤도윤,31,M,서울,Regular,2023-02-13
CUST_000663,이하은,39,F,광주,Budget,2024-10-12
CUST_000664,강지민,31,F,강원,Regular,2024-09-03
CUST_000665,최서연,29,M,부산,Budget,2023-12-25
CUST_000666,장지민,41,M,부산,Budget,2023-09-27
CUST_000667,최하은,36,M,인천,Budget,2022-06-24
CUST_000668,이예준,62,M,강원,VIP,2023-01-22
CUST_000669,이민준,18,M,광주,Regular,2024-07-10
CUST_000670,최시우,56,F,경기,Budget,2022-05-23
CUST_000671,조서연,58,M,경기,Regular,2024-04-03
CUST_000672,임서준,18,M,부산,Budget,2022-11-30
CUST_000673,이시우,34,F,부산,Budget,2023-05-05
CUST_000674,윤하은,34,F,서울,Premium,2022-04-06
CUST_000675,최예준,18,F,광주,Regular,2024-02-10
CUST_000676,강민준,28,M,부산,VIP,2024-09-07
CUST_000677,임하은,23,M,광주,Budget,2023-09-28
CUST_000678,강도윤,66,F,대구,Premium,2024-01-07
CUST_000679,임시우,54,M,부산,Budget,2023-11-26
CUST_000680,임민준,59,F,부산,Budget,2023-04-16
CUST_000681,정서준,50,M,강원,Regular,2023-01-24
CUST_000682,최서준,23,F,부산,Regular,2023-11-01
CUST_000683,윤서연,32,F,대구,Budget,2022-11-16
CUST_000684,조예준,47,M,대전,Budget,2023-07-16
CUST_000685,조시우,21,F,대구,Budget,2023-01-22
CUST_000686,윤하윤,50,F,광주,Regular,2022-03-10
CUST_000687,박채원,36,M,광주,Budget,2024-02-19
CUST_000688,최시우,34,M,부산,Budget,2024-10-24
CUST_000689,김채원,50,F,인천,Regular,2024-09-17
CUST_000690,장지민,46,F,대구,Regular,2022-11-13
CUST_000691,임시우,34,M,강원,Regular,2022-02-09
CUST_000692,조서연,57,M,인천,Budget,2023-12-28
CUST_000693,박하윤,23,M,대구,Budget,2024-02-06
CUST_000694,윤서연,49,M,인천,Regular,2022-03-09
CUST_000695,정서연,48,M,서울,Regular,2023-10-05
CUST_000696,강하은,35,F,강원,VIP,2024-08-28
CUST_000697,강서준,44,F,광주,Regular,2023-12-11
CUST_000698,조서연,21,M,광주,Budget,2022-10-23
CUST_000699,최지민,53,F,대전,Regular,2022-12-26
CUST_000700,윤채원,37,M,대구,Premium,2022-06-15
CUST_000701,이지민,32,F,인천,Premium,2024-01-29
CUST_000702,강채원,55,M,인천,Budget,2022-08-05
CUST_000703,이하윤,29,F,강원,Regular,2023-09-27
CUST_000704,조민준,18,M,서울,Regular,2024-03-15
CUST_000705,박예준,18,M,대구,Premium,2024-08-09
CUST_000706,박지민,49,F,서울,Budget,2023-05-01
CUST_000707,최하윤,20,F,강원,Regular,2023-12-18
CUST_000708,조채원,66,M,대구,Regular,2022-01-20
CUST_000709,강하윤,18,M,인천,Regular,2022-10-19
CUST_000710,이민준,65,M,경기,Budget,2024-01-30
CUST_000711,박하윤,43,M,부산,Regular,2024-05-25
CUST_000712,박채원,38,M,경기,Regular,2022-07-24
CUST_000713,김지민,31,F,인천,Budget,2022-03-20
CUST_000714,조서연,45,M,경기,Regular,2024-03-02
CUST_000715,최서준,39,F,경기,Premium,2023-06-23
CUST_000716,김채원,56,M,서울,Budget,2022-10-25
CUST_000717,강하은,41,F,부산,Regular,2024-01-20
CUST_000718,임시우,42,F,경기,Budget,2022-11-14
CUST_000719,조도윤,34,F,강원,Regular,2023-12-01
CUST_000720,장하윤,39,F,광주,Budget,2022-12-27
CUST_000721,조예준,44,M,인천,Budget,2022-06-01
CUST_000722,박서준,18,M,경기,Budget,2023-01-08
CUST_000723,임민준,19,M,경기,Budget,2024-11-21
CUST_000724,박하윤,51,F,부산,Regular,2024-07-23
CUST_000725,강서준,42,M,경기,Budget,2022-09-03
CUST_000726,장시우,37,M,대구,Regular,2022-02-23
CUST_000727,최지민,40,F,인천,Budget,2024-09-24
CUST_000728,장지민,45,M,대구,Regular,2024-09-19
CUST_000729,김예준,31,M,광주,Regular,2022-09-05
CUST_000730,조하은,28,M,서울,Budget,2024-07-14
CUST_000731,장시우,42,F,대전,Regular,2023-05-15
CUST_000732,최하윤,25,F,서울,Premium,2023-06-16
CUST_000733,장서준,46,M,광주,Budget,2023-01-05
CUST_000734,장시우,18,F,강원,Regular,2022-10-21
CUST_000735,최서연,55,F,강원,Regular,2024-10-06
CUST_000736,정서준,47,F,인천,Budget,2023-08-19
CUST_000737,조서연,43,M,광주,Regular,2023-07-12
CUST_000738,조서연,54,M,대구,Regular,2022-04-01
CUST_000739,최채원,64,F,대구,Regular,2023-11-08
CUST_000740,최도윤,55,M,광주,Regular,2023-10-05
CUST_000741,최채원,18,F,대구,Premium,2024-04-27
CUST_000742,이하윤,20,M,서울,Regular,2022-03-20
CUST_000743,강하윤,30,F,강원,Budget,2023-11-23
CUST_000744,장시우,40,F,인천,Premium,2024-03-14
CUST_000745,조하윤,47,M,대전,Budget,2022-09-17
CUST_000746,박하윤,29,M,강원,Budget,2023-02-24
CUST_000747,김도윤,42,F,부산,Regular,2023-02-04
CUST_000748,정예준,28,F,인천,Regular,2023-05-30
CUST_000749,임서연,30,F,대구,Regular,2022-02-14
CUST_000750,조서연,18,F,경기,Regular,2023-05-09
CUST_000751,임예준,26,M,부산,Budget,2023-05-29
CUST_000752,장하은,19,F,인천,Budget,2024-02-07
CUST_000753,박하윤,25,M,대구,Regular,2022-07-22
CUST_000754,장지민,55,F,강원,Regular,2023-03-28
CUST_000755,임민준,25,F,부산,Premium,2024-01-02
CUST_000756,정하윤,79,M,강원,Regular,2023-01-16
CUST_000757,강지민,47,F,대전,Regular,2024-10-22
CUST_000758,강채원,42,M,대구,Regular,2023-04-29
CUST_000759,장하윤,27,F,부산,Budget,2022-10-13
CUST_000760,윤예준,50,M,대전,Budget,2022-07-22
CUST_000761,임하은,31,M,부산,Regular,2024-01-05
CUST_000762,강서연,41,F,광주,Regular,2022-09-14
CUST_000763,윤서연,78,F,경기,Premium,2023-12-25
CUST_000764,김예준,38,M,광주,Regular,2024-06-21
CUST_000765,조서준,57,M,부산,Regular,2022-04-07
CUST_000766,김하은,29,M,부산,Budget,2023-06-13
CUST_000767,이하은,39,F,인천,Budget,2023-07-14
CUST_000768,윤예준,66,M,대구,VIP,2024-10-04
CUST_000769,강서연,30,F,강원,Regular,2023-05-24
CUST_000770,박지민,67,M,강원,Regular,2022-06-25
CUST_000771,장시우,50,F,강원,Budget,2023-08-24
CUST_000772,윤시우,31,F,경기,Premium,2023-06-18
CUST_000773,김민준,49,M,대전,Regular,2023-04-24
CUST_000774,김하윤,54,F,광주,Budget,2024-11-13
CUST_000775,정채원,49,M,서울,Premium,2022-10-28
CUST_000776,장하은,18,F,인천,Budget,2024-01-02
CUST_000777,조하은,29,M,광주,Regular,2024-06-22
CUST_000778,최지민,36,F,광주,Regular,2023-05-31
CUST_000779,이예준,38,M,광주,Budget,2024-04-19
CUST_000780,임하윤,49,F,강원,Regular,2023-11-13
CUST_000781,박민준,42,M,대구,Regular,2024-05-06
CUST_000782,박하윤,19,M,인천,Premium,2024-05-31
CUST_000783,윤도윤,45,F,경기,Budget,2023-03-04
CUST_000784,윤서연,49,F,서울,Premium,2023-01-25
CUST_000785,박민준,48,F,경기,Regular,2024-07-08
CUST_000786,박도윤,56,F,경기,Premium,2024-11-06
CUST_000787,최하은,52,F,인천,Premium,2024-09-24
CUST_000788,이지민,46,M,강원,Budget,2022-09-27
CUST_000789,정서연,38,M,서울,Regular,2024-03-26
CUST_000790,정도윤,18,F,서울,Budget,2023-09-12
CUST_000791,최하은,46,F,서울,Budget,2023-12-25
CUST_000792,임서준,43,F,인천,Budget,2024-11-13
CUST_000793,임하윤,44,M,대전,Regular,2024-06-01
CUST_000794,윤서준,20,F,서울,Regular,2024-08-01
CUST_000795,박지민,23,M,대구,Regular,2022-03-08
CUST_000796,장서연,55,F,인천,Budget,2024-10-19
CUST_000797,강예준,39,F,서울,Budget,2022-03-14
CUST_000798,장시우,50,F,인천,Regular,2023-11-15
CUST_000799,강하윤,40,F,대구,Regular,2024-07-13
CUST_000800,윤시우,40,F,대전,VIP,2022-05-17
CUST_000801,장하은,54,M,서울,Budget,2022-11-17
CUST_000802,최서연,32,M,경기,Regular,2023-11-09
CUST_000803,윤지민,41,M,광주,Regular,2023-02-10
CUST_000804,강서준,33,M,부산,Budget,2024-09-03
CUST_000805,박예준,33,M,인천,Regular,2024-04-26
CUST_000806,이민준,35,F,강원,VIP,2023-06-26
CUST_000807,최채원,43,M,서울,Budget,2023-10-01
CUST_000808,이하윤,32,M,대전,Budget,2022-08-03
CUST_000809,김채원,58,F,서울,Budget,2024-07-10
CUST_000810,이도윤,26,M,부산,Regular,2023-08-16
CUST_000811,최도윤,37,M,대구,Budget,2022-08-04
CUST_000812,임서연,33,F,경기,Premium,2024-05-02
CUST_000813,박지민,61,F,대전,Regular,2024-01-13
CUST_000814,임하윤,42,F,대전,Budget,2023-02-06
CUST_000815,조하은,55,F,인천,Regular,2023-09-20
CUST_000816,장시우,18,F,강원,Budget,2022-05-30
CUST_000817,김민준,44,F,서울,Premium,2022-01-06
CUST_000818,정민준,53,F,인천,Budget,2023-09-19
CUST_000819,김시우,41,M,부산,Regular,2024-09-15
CUST_000820,박예준,55,F,대전,Regular,2023-07-09
CUST_000821,정서준,32,F,인천,Budget,2024-06-26
CUST_000822,윤예준,61,F,부산,VIP,2023-03-27
CUST_000823,임하은,74,M,서울,Regular,2023-01-17
CUST_000824,조하은,34,M,인천,Budget,2024-11-08
CUST_000825,조민준,33,F,서울,Regular,2023-02-17
CUST_000826,박서연,61,M,대구,Budget,2024-08-20
CUST_000827,조하윤,63,M,인천,Regular,2022-07-01
CUST_000828,조예준,32,M,대전,Regular,2024-06-15
CUST_000829,김지민,33,F,광주,Regular,2024-06-10
CUST_000830,조예준,35,M,강원,Regular,2023-10-23
CUST_000831,임도윤,19,M,인천,Regular,2024-07-08
CUST_000832,조서연,26,M,부산,Regular,2022-08-07
CUST_000833,강도윤,24,F,대전,Budget,2024-10-13
CUST_000834,박서연,28,F,대구,VIP,2022-06-13
CUST_000835,최도윤,39,F,대구,Premium,2024-06-09
CUST_000836,김도윤,43,M,광주,Regular,2024-11-03
CUST_000837,이시우,63,F,강원,Regular,2024-10-16
CUST_000838,장도윤,25,M,광주,Budget,2022-03-18
CUST_000839,박민준,54,F,서울,Premium,2023-06-27
CUST_000840,정도윤,36,F,서울,Budget,2022-04-24
CUST_000841,김서준,39,F,광주,Budget,2022-11-25
CUST_000842,김시우,50,F,인천,Regular,2022-10-14
CUST_000843,이서연,23,F,부산,Premium,2023-11-16
CUST_000844,윤지민,45,M,서울,Budget,2023-07-14
CUST_000845,정서연,42,F,경기,VIP,2024-01-15
CUST_000846,강서연,47,F,인천,Regular,2022-02-09
CUST_000847,김시우,44,F,서울,Regular,2023-05-08
CUST_000848,강하은,76,M,부산,Regular,2022-10-11
CUST_000849,임도윤,30,F,인천,Regular,2024-01-24
CUST_000850,정채원,32,F,강원,Regular,2024-03-07
CUST_000851,박채원,30,M,대구,Budget,2023-03-10
CUST_000852,장예준,31,F,대구,Regular,2024-01-13
CUST_000853,장지민,30,M,대구,Budget,2023-02-20
CUST_000854,박민준,57,F,경기,Regular,2022-08-12
CUST_000855,정예준,61,M,부산,Premium,2024-03-07
CUST_000856,임채원,31,F,인천,Regular,2023-08-14
CUST_000857,김서연,27,M,강원,Regular,2024-03-02
CUST_000858,임하윤,47,F,대구,Regular,2022-09-30
CUST_000859,박예준,31,M,인천,Regular,2024-09-26
CUST_000860,김시우,49,F,인천,Budget,2023-10-13
CUST_000861,이예준,43,F,강원,Budget,2023-02-05
CUST_000862,최하은,18,F,서울,Budget,2022-10-14
CUST_000863,조채원,63,M,부산,Regular,2022-05-22
CUST_000864,김도윤,66,F,서울,Regular,2022-09-30
CUST_000865,김도윤,30,F,강원,Budget,2022-09-08
CUST_000866,정하윤,34,M,경기,Budget,2023-04-09
CUST_000867,김지민,44,M,강원,Premium,2022-05-21
CUST_000868,장서준,45,M,대구,Regular,2022-09-18
CUST_000869,윤민준,49,M,강원,Budget,2023-10-15
CUST_000870,이시우,70,F,대구,Premium,2024-03-23
CUST_000871,윤서연,37,M,경기,Budget,2022-01-19
CUST_000872,박하은,28,F,서울,Budget,2023-12-18
CUST_000873,임예준,19,M,대구,Budget,2023-12-01
CUST_000874,김하은,29,F,광주,Regular,2022-06-02
CUST_000875,박서준,39,M,인천,Budget,2024-11-24
CUST_000876,정민준,66,F,강원,Regular,2022-02-14
CUST_000877,김채원,32,F,인천,Regular,2023-09-14
CUST_000878,윤하윤,43,F,강원,Budget,2024-06-22
CUST_000879,김도윤,39,F,인천,Premium,2024-08-23
CUST_000880,김서연,57,M,대구,Budget,2024-09-26
CUST_000881,임시우,77,F,부산,Premium,2024-08-23
CUST_000882,박예준,32,F,대구,Budget,2022-05-14
CUST_000883,강민준,32,M,광주,Regular,2023-02-09
CUST_000884,조서준,55,F,부산,Regular,2023-04-12
CUST_000885,이시우,50,F,경기,Budget,2023-09-29
CUST_000886,임민준,67,M,부산,Budget,2022-03-17
CUST_000887,임시우,48,F,대전,Regular,2023-06-19
CUST_000888,임서연,34,M,강원,Budget,2022-01-02
CUST_000889,윤하윤,48,M,인천,Budget,2023-04-17
CUST_000890,김서준,56,M,강원,Budget,2024-04-04
CUST_000891,최채원,52,F,경기,Regular,2024-08-30
CUST_000892,장도윤,47,M,인천,Regular,2023-05-05
CUST_000893,이시우,56,F,대전,Premium,2024-11-19
CUST_000894,강서연,57,F,서울,Premium,2023-12-08
CUST_000895,강하윤,60,F,서울,Regular,2024-02-27
CUST_000896,윤지민,49,F,강원,Budget,2022-08-07
CUST_000897,김지민,37,F,대전,Regular,2024-10-24
CUST_000898,강서연,42,M,대구,Budget,2023-05-07
CUST_000899,강하은,58,M,경기,Regular,2023-11-14
CUST_000900,정서연,27,M,광주,Premium,2022-08-07
CUST_000901,최서연,45,F,광주,Regular,2023-09-16
CUST_000902,박서준,34,F,서울,Budget,2023-10-15
CUST_000903,윤지민,40,M,강원,Premium,2022-02-11
CUST_000904,강하윤,59,F,대전,Budget,2024-02-12
CUST_000905,이지민,42,M,인천,Regular,2024-09-18
CUST_000906,장서준,40,M,광주,Budget,2024-09-02
CUST_000907,임서준,19,F,강원,Premium,2024-08-29
CUST_000908,정민준,51,F,인천,Regular,2023-02-13
CUST_000909,정시우,49,F,강원,Regular,2024-04-05
CUST_000910,박시우,72,M,서울,Premium,2022-01-14
CUST_000911,장서연,35,F,광주,Budget,2024-02-16
CUST_000912,정채원,43,M,대구,Regular,2024-07-09
CUST_000913,강지민,43,F,서울,VIP,2024-03-10
CUST_000914,김서준,63,F,서울,Regular,2024-06-08
CUST_000915,박채원,38,F,대전,Regular,2023-03-03
CUST_000916,최지민,44,M,강원,Premium,2024-03-07
CUST_000917,윤서준,49,F,광주,Regular,2022-04-23
CUST_000918,최예준,42,F,대전,Premium,2022-09-21
CUST_000919,강서연,33,F,강원,Premium,2024-10-01
CUST_000920,이서연,42,F,강원,Regular,2023-12-18
CUST_000921,강채원,56,M,부산,Budget,2022-08-24
CUST_000922,이서연,24,M,광주,Regular,2022-05-02
CUST_000923,조도윤,41,M,대구,Regular,2022-03-20
CUST_000924,강도윤,29,F,경기,Regular,2023-01-01
CUST_000925,최예준,57,M,강원,Regular,2024-04-11
CUST_000926,윤서연,18,M,강원,Regular,2023-12-07
CUST_000927,조서준,31,M,경기,Regular,2023-01-31
CUST_000928,김서준,45,M,대구,Budget,2024-12-01
CUST_000929,박하윤,63,F,경기,Premium,2022-05-31
CUST_000930,강시우,39,F,경기,Budget,2022-12-27
CUST_000931,임민준,31,F,대구,Premium,2023-04-09
CUST_000932,장민준,68,M,대전,Budget,2024-04-21
CUST_000933,김도윤,18,F,경기,Budget,2023-02-19
CUST_000934,조하은,18,F,인천,Regular,2023-12-12
CUST_000935,최지민,46,F,대전,Premium,2022-07-31
CUST_000936,박예준,32,M,부산,Premium,2024-10-30
CUST_000937,윤하은,24,M,부산,Budget,2024-02-24
CUST_000938,조하윤,50,F,대구,Regular,2022-05-16
CUST_000939,장하윤,43,F,대전,Premium,2023-08-27
CUST_000940,임민준,31,F,인천,Regular,2022-02-08
CUST_000941,장채원,20,F,서울,Regular,2024-09-15
CUST_000942,강서준,53,F,부산,Budget,2024-02-15
CUST_000943,장시우,49,F,부산,Regular,2024-06-03
CUST_000944,이지민,38,F,서울,Regular,2022-12-29
CUST_000945,김하윤,67,F,강원,Regular,2023-01-23
CUST_000946,정시우,23,M,서울,Budget,2023-03-20
CUST_000947,임시우,18,M,강원,Regular,2023-12-21
CUST_000948,정채원,29,M,광주,Premium,2022-03-15
CUST_000949,장서준,39,F,광주,Budget,2024-03-05
CUST_000950,정시우,43,M,부산,Budget,2023-12-10
CUST_000951,박하윤,36,F,대구,Budget,2023-06-15
CUST_000952,최하윤,45,M,서울,Budget,2022-12-30
CUST_000953,박채원,21,M,강원,Budget,2022-08-09
CUST_000954,최하윤,61,M,인천,Premium,2022-12-26
CUST_000955,정서준,38,M,대구,Regular,2022-04-26
CUST_000956,정하윤,56,M,경기,Regular,2022-09-25
CUST_000957,박지민,45,F,서울,Budget,2023-04-20
CUST_000958,윤하은,46,F,서울,Budget,2024-05-16
CUST_000959,강하은,48,F,대전,Regular,2023-05-28
CUST_000960,이시우,46,F,강원,Budget,2023-07-25
CUST_000961,임도윤,49,F,대구,Regular,2023-03-01
CUST_000962,김서준,59,M,경기,Regular,2024-05-15
CUST_000963,윤서연,42,M,광주,Premium,2023-07-05
CUST_000964,김채원,50,M,서울,Budget,2023-09-14
CUST_000965,이서준,38,M,대구,Budget,2022-10-24
CUST_000966,임예준,61,M,대구,Regular,2023-07-02
CUST_000967,이하윤,29,F,경기,Regular,2023-02-08
CUST_000968,이시우,67,M,경기,Regular,2022-09-28
CUST_000969,김시우,39,F,대구,Premium,2022-06-13
CUST_000970,최채원,18,F,대구,Premium,2022-02-28
CUST_000971,장하은,41,M,부산,Budget,2022-06-11
CUST_000972,이민준,29,M,부산,Budget,2023-07-07
CUST_000973,김하윤,52,M,서울,Budget,2024-09-15
CUST_000974,정예준,30,F,경기,Regular,2024-11-24
CUST_000975,윤하윤,33,F,경기,Regular,2024-07-11
CUST_000976,김하은,18,F,부산,Regular,2022-11-27
CUST_000977,정하은,33,M,부산,Regular,2022-11-14
CUST_000978,강서준,18,F,광주,Premium,2023-10-13
CUST_000979,김하은,18,M,광주,Budget,2022-09-25
CUST_000980,강하윤,51,M,강원,Premium,2023-11-09
CUST_000981,최민준,51,M,강원,Premium,2022-09-27
CUST_000982,장시우,46,F,강원,VIP,2024-10-29
CUST_000983,김서연,25,M,경기,Regular,2024-04-03
CUST_000984,장하윤,39,M,인천,VIP,2024-07-07
CUST_000985,박하윤,39,M,강원,Regular,2024-08-30
CUST_000986,박민준,22,M,서울,Budget,2023-03-13
CUST_000987,이하윤,62,M,부산,Premium,2024-04-28
CUST_000988,임채원,53,M,부산,Regular,2023-10-13
CUST_000989,조서연,36,M,대구,Budget,2023-02-12
CUST_000990,최민준,40,M,대전,Premium,2024-07-25
CUST_000991,박하은,43,M,대전,Regular,2023-12-30
CUST_000992,임민준,18,M,부산,Budget,2022-10-23
CUST_000993,김하윤,36,M,서울,Premium,2024-11-17
CUST_000994,이채원,29,F,경기,Budget,2022-04-02
CUST_000995,최예준,24,F,강원,Regular,2022-08-11
CUST_000996,박채원,35,M,대구,Budget,2022-02-12
CUST_000997,이시우,66,F,경기,Regular,2024-11-22
CUST_000998,최서준,49,M,대전,Regular,2022-01-27
CUST_000999,최시우,31,M,인천,Budget,2024-04-15
CUST_001000,윤하윤,48,M,대구,Premium,2024-09-04
